Drive,x,y,v,d,theta,crash,r
0,0,0,0,0,0,0,0
462,5,-99,4,3,5,0,4.9698133
462,8,-74,4,0,-2,0,9.246479419
462,8,-56,4,-2,3,0,14.21629272
462,6,-33,4,-4,-5,0,19.18610602
462,2,-20,3,-1,3,0,24.15591932
462,1,-4,2,-1,-5,0,27.5162947
462,0,-1,1,0,5,1,27.5162947
